{"cameraMode":{"drawMode":0,"name":"Shaded","section":"Shading Mode"},"sceneLighting":true,"audioPlay":false,"sceneViewState":{"m_AlwaysRefresh":true,"showFog":true,"showSkybox":true,"showFlares":true,"showImageEffects":true,"showParticleSystems":true,"showVisualEffectGraphs":true,"m_FxEnabled":true},"in2DMode":false,"pivot":{"x":-4.167999267578125,"y":0.902008056640625,"z":1.62298583984375},"rotation":{"x":0.003837455529719591,"y":-0.40172523260116579,"z":-0.0016831065295264125,"w":-0.9157528877258301},"size":1807.234130859375,"orthographic":false}